Name,FieldTime,FID,Shape Area,LavaFlow
7,4-May-18,0,15.91717022,LavaFlow
7,4-May-18,1,102.4691513,LavaFlow
7,4-May-18,2,26942.50964,LavaFlow
3,4-May-18,3,277.1563216,LavaFlow
3,4-May-18,4,1124.736361,LavaFlow
3,4-May-18,5,377.4212405,LavaFlow
3,4-May-18,6,22.61885478,LavaFlow
3,4-May-18,7,95.01035894,LavaFlow
4,4-May-18,8,487.0696377,LavaFlow
4,4-May-18,9,578.7980083,LavaFlow
1,4-May-18,10,2887.500744,LavaFlow
5,4-May-18,11,427.4693918,LavaFlow
5,4-May-18,12,95.5475033,LavaFlow
5,4-May-18,13,0.07497808,LavaFlow
5,4-May-18,14,109.0269204,LavaFlow
5,4-May-18,15,32.98062245,LavaFlow
5,4-May-18,16,485.2553284,LavaFlow
5,4-May-18,17,81.11714936,LavaFlow
5,4-May-18,18,62.90097331,LavaFlow
5,4-May-18,19,118.1852341,LavaFlow
5,4-May-18,20,11.42804759,LavaFlow
6,4-May-18,21,7.315409461,LavaFlow
6,4-May-18,22,2716.357555,LavaFlow
6,4-May-18,23,31.23357567,LavaFlow
7,5-May-18,24,139.9451154,LavaFlow
8,5-May-18,25,245352.7527,LavaFlow
10,6-May-18,26,4877.364513,LavaFlow
10,6-May-18,27,2331.741138,LavaFlow
9,6-May-18,28,2841.551353,LavaFlow
9,6-May-18,29,16232.32189,LavaFlow
8,6-May-18,30,14971.62198,LavaFlow
8,6-May-18,31,73.12988284,LavaFlow
8,6-May-18,32,413.3690949,LavaFlow
8,6-May-18,33,77.85079426,LavaFlow
8,6-May-18,34,42.53758948,LavaFlow
8,6-May-18,35,17.02038905,LavaFlow
8,6-May-18,36,0.104803515,LavaFlow
8,6-May-18,37,20.51836613,LavaFlow
8,6-May-18,38,33.85301891,LavaFlow
8,6-May-18,39,15.33430849,LavaFlow
7,6-May-18,40,22899.94701,LavaFlow
8,6-May-18,41,57.32568309,LavaFlow
8,6-May-18,42,3.07008382,LavaFlow
8,6-May-18,43,4.776546465,LavaFlow
8,6-May-18,44,8.354243317,LavaFlow
7,6-May-18,45,716.6105766,LavaFlow
8,6-May-18,46,33.42942577,LavaFlow
7,6-May-18,47,306.5769468,LavaFlow
8,6-May-18,48,25.9109682,LavaFlow
7,6-May-18,49,38.3654683,LavaFlow
8,6-May-18,50,134.5882068,LavaFlow
7,6-May-18,51,480.048377,LavaFlow
7,6-May-18,52,107.2115631,LavaFlow
7,6-May-18,53,367.6987395,LavaFlow
7,6-May-18,54,82.75482975,LavaFlow
7,6-May-18,55,163.4991062,LavaFlow
8,6-May-18,56,88.07308345,LavaFlow
8,6-May-18,57,8.616970124,LavaFlow
8,6-May-18,58,342.7304589,LavaFlow
8,6-May-18,59,28.2661142,LavaFlow
8,6-May-18,60,7971.83791,LavaFlow
8,6-May-18,61,5361.130171,LavaFlow
8,6-May-18,62,55429.12838,LavaFlow
11,8-May-18,63,8269.00287,LavaFlow
14,7-May-18,64,2388.575244,LavaFlow
14,7-May-18,65,33.898834,LavaFlow
14,7-May-18,66,99.83988265,LavaFlow
14,7-May-18,67,60.19971404,LavaFlow
14,7-May-18,68,709.1453031,LavaFlow
14,7-May-18,69,106.1350297,LavaFlow
14,7-May-18,70,4.906137966,LavaFlow
14,7-May-18,71,5.16539214,LavaFlow
14,7-May-18,72,29.11631839,LavaFlow
14,7-May-18,73,34.30705867,LavaFlow
14,7-May-18,74,16.7973036,LavaFlow
14,7-May-18,75,24.87358468,LavaFlow
13,7-May-18,76,190.6763775,LavaFlow
13,7-May-18,77,321.8510078,LavaFlow
13,7-May-18,78,85.62049658,LavaFlow
13,7-May-18,79,3173.074091,LavaFlow
13,7-May-18,80,1634.015759,LavaFlow
13,7-May-18,81,969.8508009,LavaFlow
13,7-May-18,82,780.9652479,LavaFlow
8,7-May-18,83,21591.50317,LavaFlow
12,8-May-18,84,39.30801861,LavaFlow
12,8-May-18,85,1175.076417,LavaFlow
12,8-May-18,86,8.085977925,LavaFlow
10,8-May-18,87,56.17052817,LavaFlow
10,8-May-18,88,17.26231714,LavaFlow
10,8-May-18,89,19.33233717,LavaFlow
10,8-May-18,90,15.29443974,LavaFlow
9,8-May-18,91,14.56025194,LavaFlow
9,8-May-18,92,61.89145346,LavaFlow
9,8-May-18,93,201.8797518,LavaFlow
9,8-May-18,94,42.79272085,LavaFlow
17,12-May-18,95,75374.70689,LavaFlow
20,13-May-18,96,957.1104388,LavaFlow
16,13-May-18,97,18971.9028,LavaFlow
18,13-May-18,98,7162.480827,LavaFlow
17,13-May-18,99,11917.13312,LavaFlow
17,13-May-18,100,327.7718802,LavaFlow
17,13-May-18,101,1799.241948,LavaFlow
17,13-May-18,102,1475.83517,LavaFlow
17,13-May-18,103,3.943812034,LavaFlow
17,13-May-18,104,1068.193937,LavaFlow
17,13-May-18,105,28225.09355,LavaFlow
17,13-May-18,106,5816.675409,LavaFlow
17,13-May-18,107,4745.107209,LavaFlow
17,13-May-18,108,2.509517754,LavaFlow
17,13-May-18,109,34.148271,LavaFlow
17,13-May-18,110,0.76408908,LavaFlow
17,13-May-18,111,563.4967851,LavaFlow
17,13-May-18,112,677.4365365,LavaFlow
17,13-May-18,113,145864.1999,LavaFlow
17,13-May-18,114,8467.746497,LavaFlow
17,13-May-18,115,404993.2967,LavaFlow
17,13-May-18,116,8862.680516,LavaFlow
17,13-May-18,117,33741.94813,LavaFlow
19,14-May-18,118,200.4009067,LavaFlow
20,14-May-18,119,128.1698659,LavaFlow
20,14-May-18,120,655.2972598,LavaFlow
18,15-May-18,121,6512.920826,LavaFlow
17,15-May-18,122,3367.718849,LavaFlow
17,15-May-18,123,5921.486152,LavaFlow
17,15-May-18,124,2788.347237,LavaFlow
17,15-May-18,125,1817.83263,LavaFlow
17,15-May-18,126,173.671904,LavaFlow
17,15-May-18,127,2394.248411,LavaFlow
17,15-May-18,128,829.3704835,LavaFlow
17,15-May-18,129,5730.842022,LavaFlow
17,15-May-18,130,3480.092161,LavaFlow
17,15-May-18,131,29316.33392,LavaFlow
17,15-May-18,132,2693.600066,LavaFlow
17,15-May-18,133,1107.967214,LavaFlow
17,15-May-18,134,83.6464013,LavaFlow
21,17-May-18,135,895.0580793,LavaFlow
21,16-May-18,136,24874.41173,LavaFlow
17,16-May-18,137,1052.647792,LavaFlow
17,16-May-18,138,1274.078422,LavaFlow
17,16-May-18,139,385.5291521,LavaFlow
17,16-May-18,140,3530.20929,LavaFlow
17,16-May-18,141,1048.525714,LavaFlow
21,17-May-18,142,1.226627441,LavaFlow
21,17-May-18,143,2605.572578,LavaFlow
21,17-May-18,144,1486.283039,LavaFlow
21,17-May-18,145,187.9184172,LavaFlow
21,17-May-18,146,2.264147131,LavaFlow
21,17-May-18,147,215.3363742,LavaFlow
21,17-May-18,148,1770.063397,LavaFlow
21,17-May-18,149,7458.402955,LavaFlow
21,17-May-18,150,2794.019136,LavaFlow
23,17-May-18,151,6628.285877,LavaFlow
15,17-May-18,152,28233.37603,LavaFlow
19,17-May-18,153,310.8698013,LavaFlow
19,17-May-18,154,1042.413236,LavaFlow
19,17-May-18,155,51.69855367,LavaFlow
22,17-May-18,156,17020.4297,LavaFlow
20,17-May-18,157,7213.696617,LavaFlow
18,17-May-18,158,810.4015822,LavaFlow
18,17-May-18,159,272981.2211,LavaFlow
5,4-May-18,160,90.27720701,LavaFlow
23,18-May-18,161,10255.01982,LavaFlow
13,18-May-18,162,239.0215155,LavaFlow
19/20/22,18-May-18,163,8.027945186,LavaFlow
18,18-May-18,164,4.505269251,LavaFlow
18,18-May-18,165,87.7557262,LavaFlow
18,18-May-18,166,49.11041696,LavaFlow
18,18-May-18,167,13.25921154,LavaFlow
18,18-May-18,168,474.1614188,LavaFlow
18,18-May-18,169,4.778512193,LavaFlow
18,18-May-18,170,447.4893423,LavaFlow
18,18-May-18,171,59918.10234,LavaFlow
18,18-May-18,172,346.6519192,LavaFlow
18,18-May-18,173,29.52674283,LavaFlow
18,18-May-18,174,350.4883837,LavaFlow
18,18-May-18,175,49.25056144,LavaFlow
18,18-May-18,176,9.523381358,LavaFlow
18,18-May-18,177,0.00715606,LavaFlow
19/20/22,18-May-18,178,695935.2827,LavaFlow
18,18-May-18,179,351.8325818,LavaFlow
18,18-May-18,180,203.2829355,LavaFlow
18,18-May-18,181,173.935665,LavaFlow
19/20/22,18-May-18,182,77.8828587,LavaFlow
19/20/22,18-May-18,183,9.893154112,LavaFlow
19/20/22,18-May-18,184,25.63952697,LavaFlow
19/20/22,18-May-18,185,0.716180679,LavaFlow
18,18-May-18,186,17147.69057,LavaFlow
19/20/22,18-May-18,187,8.373928449,LavaFlow
19/20/22,18-May-18,188,5460.173345,LavaFlow
17,18-May-18,189,125.8761074,LavaFlow
17,18-May-18,190,427.2635257,LavaFlow
17,18-May-18,191,1430.663887,LavaFlow
19/20/22,18-May-18,192,5129.003413,LavaFlow
17,18-May-18,193,15098.36515,LavaFlow
17,18-May-18,194,148.301383,LavaFlow
17,18-May-18,195,2720.863366,LavaFlow
17,18-May-18,196,510.449069,LavaFlow
17,18-May-18,197,1.502310617,LavaFlow
8,18-May-18,198,15681.41116,LavaFlow
23,18-May-18,199,3271.12622,LavaFlow
23,18-May-18,200,4501.019086,LavaFlow
23,18-May-18,201,1883.125311,LavaFlow
23,18-May-18,202,10013.72756,LavaFlow
19/20/22,18-May-18,203,1045759.13,LavaFlow
6,18-May-18,204,1363.931627,LavaFlow
19/20/22,18-May-18,205,614058.6119,LavaFlow
19/20/22,18-May-18,206,1442.42451,LavaFlow
19/20/22,18-May-18,207,31.92949213,LavaFlow
19/20/22,18-May-18,208,8330.762058,LavaFlow
19/20/22,18-May-18,209,17221.99798,LavaFlow
19/20/22,18-May-18,210,59.71892825,LavaFlow
19/20/22,18-May-18,211,37665.28897,LavaFlow
19/20/22,18-May-18,212,203649.2779,LavaFlow
18,18-May-18,213,565.5825048,LavaFlow
18,18-May-18,214,7670.582021,LavaFlow
18,18-May-18,215,9083.262274,LavaFlow
18,18-May-18,216,43129.15554,LavaFlow
18,18-May-18,217,2647.756002,LavaFlow
17,18-May-18,218,389.0980254,LavaFlow
19/20/22,18-May-18,219,108737.7071,LavaFlow
17,18-May-18,220,16544.53854,LavaFlow
17,18-May-18,221,1653.177602,LavaFlow
17,18-May-18,222,5921.167672,LavaFlow
17,18-May-18,223,1416.553826,LavaFlow
17,18-May-18,224,11903.47161,LavaFlow
17,18-May-18,225,29181.09041,LavaFlow
19/20/22,19-May-18,226,22328.987,LavaFlow
19/20/22,19-May-18,227,7825.425463,LavaFlow
19/20/22,19-May-18,228,1198810.506,LavaFlow
19/20/22,19-May-18,229,1497.443211,LavaFlow
19/20/22,19-May-18,230,1652.077562,LavaFlow
19/20/22,19-May-18,231,4700.166919,LavaFlow
19/20/22,19-May-18,232,179.3516225,LavaFlow
19/20/22,19-May-18,233,3571.310143,LavaFlow
19/20/22,19-May-18,234,0.516025441,LavaFlow
19/20/22,19-May-18,235,2319.496548,LavaFlow
19/20/22,19-May-18,236,4190.022556,LavaFlow
19/20/22,19-May-18,237,15073.19125,LavaFlow
19/20/22,19-May-18,238,10651.80331,LavaFlow
19/20/22,19-May-18,239,2017.392434,LavaFlow
19/20/22,19-May-18,240,596.0606949,LavaFlow
19/20/22,19-May-18,241,501.5137528,LavaFlow
19/20/22,19-May-18,242,272.1792827,LavaFlow
19/20/22,19-May-18,243,76001.22206,LavaFlow
19/20/22,19-May-18,244,1530.701552,LavaFlow
19/20/22,19-May-18,245,22424.68682,LavaFlow
19/20/22,18-May-18,246,439.2980649,LavaFlow
6,19-May-18,247,7077.564033,LavaFlow
6,19-May-18,248,0.048653599,LavaFlow
6,19-May-18,249,143.8841827,LavaFlow
19/20/22,18-May-18,250,4340.392353,LavaFlow
19/20/22,19-May-18,251,330863.1874,LavaFlow
6,19-May-18,252,6166.777339,LavaFlow
19/20/22,19-May-18,253,57093.1237,LavaFlow
19/20/22,19-May-18,254,26492.42709,LavaFlow
17,19-May-18,255,17502.10916,LavaFlow
17,19-May-18,256,1415.023249,LavaFlow
17,19-May-18,257,2019.354279,LavaFlow
17,19-May-18,258,3425.073305,LavaFlow
17,19-May-18,259,12022.58723,LavaFlow
17,19-May-18,260,824.6668383,LavaFlow
17,19-May-18,261,739.9389626,LavaFlow
17,19-May-18,262,724.528234,LavaFlow
17,19-May-18,263,4369.545327,LavaFlow
17,19-May-18,264,8181.387247,LavaFlow
15,8-May-18,265,293.3317174,LavaFlow
15,8-May-18,266,2494.799171,LavaFlow
5/6/13/15,21-May-18,267,298603.3771,LavaFlow
19/20/22,21-May-18,268,16393.67691,LavaFlow
19/20/22,21-May-18,269,877.2115996,LavaFlow
19/20/22,21-May-18,270,5305.565064,LavaFlow
11,21-May-18,271,343.2995083,LavaFlow
12,21-May-18,272,56.25486316,LavaFlow
12,21-May-18,273,22.73717394,LavaFlow
10,21-May-18,274,784.4714175,LavaFlow
24,21-May-18,275,21596.14464,LavaFlow
13,21-May-18,276,7090.622132,LavaFlow
5/6/13/15,21-May-18,277,14328.90805,LavaFlow
5/6/13/15,21-May-18,278,52532.98229,LavaFlow
5/6/13/15,21-May-18,279,2381.886979,LavaFlow
5/6/13/15,21-May-18,280,803.8890955,LavaFlow
5/6/13/15,21-May-18,281,55.17604141,LavaFlow
5/6/13/15,21-May-18,282,9500.891276,LavaFlow
19/20/22,21-May-18,283,139.9327137,LavaFlow
5/6/13/15,21-May-18,284,14518.49224,LavaFlow
5/6/13/15,21-May-18,285,163051.7421,LavaFlow
19/20/22,21-May-18,286,21676.75061,LavaFlow
19/20/22,21-May-18,287,62524.96899,LavaFlow
19/20/22,21-May-18,288,91.71552817,LavaFlow
19/20/22,21-May-18,289,126.1611091,LavaFlow
19/20/22,21-May-18,290,981.4643277,LavaFlow
18,21-May-18,291,847.2920767,LavaFlow
18,21-May-18,292,1354.71922,LavaFlow
17,21-May-18,293,1017.26813,LavaFlow
17,21-May-18,294,44.36742781,LavaFlow
17,21-May-18,295,21.16660518,LavaFlow
17,21-May-18,296,825.945638,LavaFlow
17,21-May-18,297,21.29503696,LavaFlow
17,21-May-18,298,106.7999322,LavaFlow
17,21-May-18,299,137.6779606,LavaFlow
12,22-May-18,300,165.5223647,LavaFlow
10,22-May-18,301,1383.075102,LavaFlow
24,22-May-18,302,64.06868045,LavaFlow
24,22-May-18,303,259.2713338,LavaFlow
24,22-May-18,304,387.2734733,LavaFlow
24,22-May-18,305,150.4716459,LavaFlow
24,22-May-18,306,87.81175111,LavaFlow
21,22-May-18,307,11919.6718,LavaFlow
21,22-May-18,308,2286.771589,LavaFlow
21,22-May-18,309,302.0280263,LavaFlow
23,22-May-18,310,1138.515173,LavaFlow
23,22-May-18,311,437.4899883,LavaFlow
23,22-May-18,312,356.4252446,LavaFlow
5/6/13/15,22-May-18,313,900.7919216,LavaFlow
5/6/13/15,22-May-18,314,8440.215645,LavaFlow
5/6/13/15,22-May-18,315,1056.91708,LavaFlow
5/6/13/15,22-May-18,316,284.4020541,LavaFlow
5/6/13/15,22-May-18,317,519.8459473,LavaFlow
5/6/13/15,22-May-18,318,874722.0206,LavaFlow
5/6/13/15,22-May-18,319,250.4281694,LavaFlow
5/6/13/15,22-May-18,320,410.9530228,LavaFlow
19/20/22,22-May-18,321,8813.015646,LavaFlow
19/20/22,22-May-18,322,19572.7976,LavaFlow
19/20/22,22-May-18,323,2088.66429,LavaFlow
19/20/22,22-May-18,324,1520.318096,LavaFlow
19/20/22,22-May-18,325,4338.489084,LavaFlow
19/20/22,22-May-18,326,138573.3183,LavaFlow
19/20/22,22-May-18,327,5193.797907,LavaFlow
21,23-May-18,328,16040.13854,LavaFlow
21,23-May-18,329,91075.65812,LavaFlow
21,23-May-18,330,1801.372578,LavaFlow
19/20/22,23-May-18,331,35911.34853,LavaFlow
5/6/13/15,23-May-18,332,141184.5671,LavaFlow
19/20/22,23-May-18,333,6142.001817,LavaFlow
21,23-May-18,334,31332.91996,LavaFlow
21,23-May-18,335,5996.523642,LavaFlow
21,23-May-18,336,59181.72727,LavaFlow
21,23-May-18,337,1458.724363,LavaFlow
5/6/13/15,23-May-18,338,266.982442,LavaFlow
5/6/13/15,22-May-18,339,12740.75025,LavaFlow
19/20/22,23-May-18,340,517.4997693,LavaFlow
19/20/22,23-May-18,341,6908.60367,LavaFlow
19/20/22,23-May-18,342,579.0896781,LavaFlow
19/20/22,23-May-18,343,1494.4796,LavaFlow
5/6/13/15,23-May-18,344,15855.22685,LavaFlow
19/20/22,23-May-18,345,12651.10094,LavaFlow
5/6/13/15,23-May-18,346,6771.013675,LavaFlow
5/6/13/15,23-May-18,347,2497.443315,LavaFlow
7/8/21/24,25-May-18,348,335250.1364,LavaFlow
7/8/21/24,25-May-18,349,343192.4267,LavaFlow
23,25-May-18,350,4001.511922,LavaFlow
5/6/13/15,22-May-18,351,1027.815778,LavaFlow
7/8/21/24,24-May-18,352,1206.884438,LavaFlow
7/8/21/24,24-May-18,353,13537.3589,LavaFlow
5/6/13/15,25-May-18,354,14682.78163,LavaFlow
5/6/13/15,25-May-18,355,8854.271595,LavaFlow
19/20/22,25-May-18,356,3178.615667,LavaFlow
19/20/22,24-May-18,357,4216.831088,LavaFlow
19/20/22,24-May-18,358,1581.075267,LavaFlow
19/20/22,25-May-18,359,2190.456256,LavaFlow
19/20/22,24-May-18,360,1599.951824,LavaFlow
19/20/22,24-May-18,361,12193.72429,LavaFlow
19/20/22,24-May-18,362,2297.274137,LavaFlow
19/20/22,24-May-18,363,9558.654684,LavaFlow
7/8/21/24,26-May-18,364,222285.2494,LavaFlow
5/6/13/15,26-May-18,365,229279.3989,LavaFlow
7/8/21/24,27-May-18,366,49758.72656,LavaFlow
7/8/21/24,27-May-18,367,1033812.915,LavaFlow
7/8/21/24,27-May-18,368,3144.406515,LavaFlow
7/8/21/24,27-May-18,369,266.1813149,LavaFlow
7/8/21/24,27-May-18,370,7168.958899,LavaFlow
7/8/21/24,27-May-18,371,2223.112243,LavaFlow
23,27-May-18,372,31.8337454,LavaFlow
7/8/21/24,27-May-18,373,14434.57704,LavaFlow
7/8/21/24,27-May-18,374,575.6988939,LavaFlow
7/8/21/24,27-May-18,375,158.0941824,LavaFlow
5/6/13/15,27-May-18,376,513.2512756,LavaFlow
5/6/13/15,22-May-18,377,75.19535306,LavaFlow
7/8/21/24,27-May-18,378,1603.353056,LavaFlow
23,27-May-18,379,229.8504436,LavaFlow
7/8/21/24,27-May-18,380,447.2921154,LavaFlow
7/8/21/24,27-May-18,381,189844.8477,LavaFlow
5/6/13/15,27-May-18,382,387197.4038,LavaFlow
5/6/13/15,27-May-18,383,25990.09439,LavaFlow
19/20/22,27-May-18,384,41850.6835,LavaFlow
5/6/13/15,27-May-18,385,105.9853261,LavaFlow
7/8/21/24,27-May-18,386,106.4475077,LavaFlow
7/8/21/24,27-May-18,387,2090.711215,LavaFlow
7/8/21/24,27-May-18,388,178.4122717,LavaFlow
7/8/21/24,27-May-18,389,75.13336903,LavaFlow
7/8/21/24,28-May-18,390,11693.03984,LavaFlow
7/8/21/24,28-May-18,391,13943.36669,LavaFlow
7/8/21/24,28-May-18,392,3675.43846,LavaFlow
7/8/21/24,28-May-18,393,33796.80487,LavaFlow
7/8/21/24,28-May-18,394,678738.8574,LavaFlow
19/20/22,28-May-18,395,2109.645486,LavaFlow
19/20/22,28-May-18,396,2468.005334,LavaFlow
19/20/22,28-May-18,397,7241.216616,LavaFlow
19/20/22,28-May-18,398,2537.143385,LavaFlow
19/20/22,28-May-18,399,3848.719462,LavaFlow
18,28-May-18,400,223707.3855,LavaFlow
7/8/21/24,29-May-18,401,20601.1258,LavaFlow
7/8/21/24,29-May-18,402,343.30133,LavaFlow
7/8/21/24,29-May-18,403,1557.425313,LavaFlow
7/8/21/24,29-May-18,404,4606.564155,LavaFlow
7/8/21/24,29-May-18,405,4019.026912,LavaFlow
7/8/21/24,29-May-18,406,8954.229611,LavaFlow
7/8/21/24,29-May-18,407,7192.42733,LavaFlow
7/8/21/24,29-May-18,408,600789.4008,LavaFlow
18,29-May-18,409,104619.4456,LavaFlow
18,29-May-18,410,114514.273,LavaFlow
5/6/13/15,29-May-18,411,7195.304264,LavaFlow
5/6/13/15,29-May-18,412,1404.555865,LavaFlow
7/8/21/24,29-May-18,413,3140.253315,LavaFlow
7/8/21/24,29-May-18,414,517.9278862,LavaFlow
7/8/21/24,29-May-18,415,3982.046073,LavaFlow
7/8/21/24,29-May-18,416,295.6060956,LavaFlow
7/8/21/24,29-May-18,417,1469.571597,LavaFlow
7/8/21/24,29-May-18,418,4736.842688,LavaFlow
7/8/21/24,29-May-18,419,19172.76717,LavaFlow
7/8/21/24,29-May-18,420,40107.97536,LavaFlow
7/8/21/24,29-May-18,421,659.3621552,LavaFlow
7/8/21/24,29-May-18,422,184327.2273,LavaFlow
7/8/21/24,29-May-18,423,1292.430619,LavaFlow
7/8/21/24,29-May-18,424,96317.44186,LavaFlow
7/8/21/24,29-May-18,425,147576.3075,LavaFlow
7/8/21/24,29-May-18,426,188.1351881,LavaFlow
7/8/21/24,29-May-18,427,1012.556089,LavaFlow
7/8/21/24,29-May-18,428,3361.099997,LavaFlow
18,29-May-18,429,786.8573349,LavaFlow
18,29-May-18,430,260.6634195,LavaFlow
18,29-May-18,431,18174.17446,LavaFlow
18,29-May-18,432,8444.758986,LavaFlow
18,29-May-18,433,736.3131789,LavaFlow
18,29-May-18,434,102904.6084,LavaFlow
19/20/22,29-May-18,435,3549.623137,LavaFlow
19/20/22,29-May-18,436,799.9955263,LavaFlow
7/8/21/24,30-May-18,437,75704.38773,LavaFlow
7/8/21/24,30-May-18,438,2835.473584,LavaFlow
7/8/21/24,30-May-18,439,5807.485466,LavaFlow
7/8/21/24,30-May-18,440,19492.8253,LavaFlow
7/8/21/24,30-May-18,441,50683.80075,LavaFlow
7/8/21/24,30-May-18,442,2361.374661,LavaFlow
7/8/21/24,30-May-18,443,13804.6605,LavaFlow
7/8/21/24,30-May-18,444,13393.30816,LavaFlow
7/8/21/24,30-May-18,445,420470.7537,LavaFlow
7/8/21/24,30-May-18,446,3243.788396,LavaFlow
7/8/21/24,30-May-18,447,1291050.856,LavaFlow
7/8/21/24,30-May-18,448,8938.663343,LavaFlow
7/8/21/24,30-May-18,449,5370.754187,LavaFlow
18,30-May-18,450,1800.606878,LavaFlow
18,30-May-18,451,731.0644968,LavaFlow
18,30-May-18,452,3380.089757,LavaFlow
18,30-May-18,453,2022.221332,LavaFlow
18,30-May-18,454,985.6842017,LavaFlow
7/8/21/24,31-May-18,455,3401.412376,LavaFlow
7/8/21/24,31-May-18,456,7447.504498,LavaFlow
7/8/21/24,31-May-18,457,4099.640848,LavaFlow
7/8/21/24,31-May-18,458,7914.265072,LavaFlow
7/8/21/24,31-May-18,459,732.7803842,LavaFlow
7/8/21/24,31-May-18,460,2876.587743,LavaFlow
7/8/21/24,31-May-18,461,2627.062243,LavaFlow
7/8/21/24,31-May-18,462,11223.20424,LavaFlow
7/8/21/24,31-May-18,463,8221.799438,LavaFlow
7/8/21/24,31-May-18,464,9383.294162,LavaFlow
18,31-May-18,465,21336.75406,LavaFlow
18,31-May-18,466,18948.24305,LavaFlow
18,31-May-18,467,106626.639,LavaFlow
18,31-May-18,468,10885.74595,LavaFlow
5/6/13/15,31-May-18,469,909.8078971,LavaFlow
5/6/13/15,31-May-18,470,4805.669062,LavaFlow
5/6/13/15,31-May-18,471,654.0631568,LavaFlow
5/6/13/15,31-May-18,472,437.1087333,LavaFlow
5/6/13/15,31-May-18,473,1941.844668,LavaFlow
19/20/22,31-May-18,474,2150.450408,LavaFlow
7/8/21/24,31-May-18,475,12720.01017,LavaFlow
7/8/21/24,31-May-18,476,79533.92995,LavaFlow
7/8/21/24,31-May-18,477,19974.20476,LavaFlow
7/8/21/24,31-May-18,478,760199.5782,LavaFlow
19/20/22,31-May-18,479,1688.571971,LavaFlow
7/8/21/24,2-Jun-18,480,16234.07511,LavaFlow
7/8/21/24,2-Jun-18,481,14834.36055,LavaFlow
7/8/21/24,2-Jun-18,482,5267.172863,LavaFlow
7/8/21/24,2-Jun-18,483,2139.780313,LavaFlow
7/8/21/24,2-Jun-18,484,16845.99606,LavaFlow
7/8/21/24,2-Jun-18,485,3535.353294,LavaFlow
7/8/21/24,2-Jun-18,486,3624.074339,LavaFlow
7/8/21/24,2-Jun-18,487,3102.688637,LavaFlow
7/8/21/24,2-Jun-18,488,3129.127425,LavaFlow
7/8/21/24,2-Jun-18,489,530.378579,LavaFlow
7/8/21/24,2-Jun-18,490,2479.257305,LavaFlow
7/8/21/24,2-Jun-18,491,6419.341433,LavaFlow
7/8/21/24,2-Jun-18,492,2398.49871,LavaFlow
7/8/21/24,2-Jun-18,493,1310.070717,LavaFlow
7/8/21/24,2-Jun-18,494,5497.747066,LavaFlow
7/8/21/24,2-Jun-18,495,15618.84455,LavaFlow
7/8/21/24,2-Jun-18,496,18554.92438,LavaFlow
7/8/21/24,2-Jun-18,497,126666.9294,LavaFlow
7/8/21/24,2-Jun-18,498,62501.29939,LavaFlow
7/8/21/24,2-Jun-18,499,1733235.98,LavaFlow
7/8/21/24,2-Jun-18,500,4282.952296,LavaFlow
7/8/21/24,2-Jun-18,501,22139.31338,LavaFlow
7/8/21/24,2-Jun-18,502,317623.2685,LavaFlow
7/8/21/24,2-Jun-18,503,4437.028713,LavaFlow
7/8/21/24,2-Jun-18,504,969.5123023,LavaFlow
7/8/21/24,2-Jun-18,505,1520.117459,LavaFlow
7/8/21/24,2-Jun-18,506,2303.023442,LavaFlow
7/8/21/24,2-Jun-18,507,56529.08973,LavaFlow
7/8/21/24,2-Jun-18,508,1328.374783,LavaFlow
7/8/21/24,2-Jun-18,509,1882.672901,LavaFlow
7/8/21/24,2-Jun-18,510,2493.075815,LavaFlow
7/8/21/24,2-Jun-18,511,5570.106128,LavaFlow
7/8/21/24,2-Jun-18,512,2334.540801,LavaFlow
7/8/21/24,2-Jun-18,513,1734.764964,LavaFlow
7/8/21/24,2-Jun-18,514,428.2632286,LavaFlow
7/8/21/24,3-Jun-18,515,426668.6484,LavaFlow
7/8/21/24,3-Jun-18,516,616670.8534,LavaFlow
7/8/21/24,3-Jun-18,517,107233.9697,LavaFlow
7/8/21/24,3-Jun-18,518,410049.9254,LavaFlow
7/8/21/24,3-Jun-18,519,270402.9652,LavaFlow
7/8/21/24,3-Jun-18,520,785.6619362,LavaFlow
7/8/21/24,3-Jun-18,521,495.6553586,LavaFlow
7/8/21/24,3-Jun-18,522,2010.56336,LavaFlow
7/8/21/24,3-Jun-18,523,2281.323434,LavaFlow
7/8/21/24,3-Jun-18,524,5111.856564,LavaFlow
7/8/21/24,3-Jun-18,525,10868.60729,LavaFlow
7/8/21/24,3-Jun-18,526,885.2505621,LavaFlow
7/8/21/24,3-Jun-18,527,21271.71241,LavaFlow
7/8/21/24,3-Jun-18,528,63198.80793,LavaFlow
7/8/21/24,3-Jun-18,529,9907.645059,LavaFlow
7/8/21/24,3-Jun-18,530,40025.05174,LavaFlow
7/8/21/24,3-Jun-18,531,2494.238128,LavaFlow
7/8/21/24,3-Jun-18,532,3968.56544,LavaFlow
7/8/21/24,3-Jun-18,533,25759.64788,LavaFlow
7/8/21/24,3-Jun-18,534,825.2668191,LavaFlow
7/8/21/24,3-Jun-18,535,1104.361751,LavaFlow
7/8/21/24,4-Jun-18,536,55478.47266,LavaFlow
7/8/21/24,4-Jun-18,537,49195.80772,LavaFlow
7/8/21/24,4-Jun-18,538,2235.48478,LavaFlow
7/8/21/24,4-Jun-18,539,912.7092157,LavaFlow
7/8/21/24,4-Jun-18,540,43178.86795,LavaFlow
7/8/21/24,4-Jun-18,541,53405.01629,LavaFlow
7/8/21/24,4-Jun-18,542,89903.84742,LavaFlow
7/8/21/24,4-Jun-18,543,4582.02622,LavaFlow
7/8/21/24,4-Jun-18,544,15420.77522,LavaFlow
7/8/21/24,4-Jun-18,545,87517.35852,LavaFlow
7/8/21/24,4-Jun-18,546,35158.16551,LavaFlow
7/8/21/24,5-Jun-18,547,45218.60573,LavaFlow
7/8/21/24,5-Jun-18,548,251309.8909,LavaFlow
7/8/21/24,6-Jun-18,549,1701.701846,LavaFlow
7/8/21/24,6-Jun-18,550,679.5117373,LavaFlow
7/8/21/24,6-Jun-18,551,478.0204188,LavaFlow
7/8/21/24,6-Jun-18,552,1661.54285,LavaFlow
7/8/21/24,6-Jun-18,553,380.2198081,LavaFlow
7/8/21/24,6-Jun-18,554,151.4409765,LavaFlow
7/8/21/24,6-Jun-18,555,8698.910565,LavaFlow
7/8/21/24,6-Jun-18,556,93.47583102,LavaFlow
7/8/21/24,6-Jun-18,557,2252.031951,LavaFlow
7/8/21/24,6-Jun-18,558,766.3807449,LavaFlow
7/8/21/24,6-Jun-18,559,54.42046756,LavaFlow
7/8/21/24,6-Jun-18,560,3471.131739,LavaFlow
7/8/21/24,6-Jun-18,561,773.1890778,LavaFlow
7/8/21/24,6-Jun-18,562,328.1499675,LavaFlow
7/8/21/24,6-Jun-18,563,50.92873817,LavaFlow
7/8/21/24,6-Jun-18,564,299.4606967,LavaFlow
7/8/21/24,6-Jun-18,565,5194.009288,LavaFlow
7/8/21/24,6-Jun-18,566,639.0406906,LavaFlow
7/8/21/24,6-Jun-18,567,572.847472,LavaFlow
7/8/21/24,6-Jun-18,568,115422.7684,LavaFlow
7/8/21/24,6-Jun-18,569,245925.9244,LavaFlow
7/8/21/24,6-Jun-18,570,8296.8079,LavaFlow
7/8/21/24,6-Jun-18,571,1750.892806,LavaFlow
7/8/21/24,6-Jun-18,572,1833.359636,LavaFlow
7/8/21/24,6-Jun-18,573,319.7137927,LavaFlow
7/8/21/24,6-Jun-18,574,631.3357715,LavaFlow
7/8/21/24,6-Jun-18,575,2081.52958,LavaFlow
7/8/21/24,6-Jun-18,576,1466.295446,LavaFlow
7/8/21/24,6-Jun-18,577,1185.775974,LavaFlow
7/8/21/24,6-Jun-18,578,18946.00965,LavaFlow
7/8/21/24,6-Jun-18,579,2442.683321,LavaFlow
7/8/21/24,6-Jun-18,580,4398.843851,LavaFlow
7/8/21/24,6-Jun-18,581,800.0170818,LavaFlow
7/8/21/24,6-Jun-18,582,3219.151698,LavaFlow
7/8/21/24,7-Jun-18,583,1258.890102,LavaFlow
7/8/21/24,7-Jun-18,584,30963.02861,LavaFlow
7/8/21/24,7-Jun-18,585,21500.95558,LavaFlow
7/8/21/24,7-Jun-18,586,585.4944579,LavaFlow
7/8/21/24,7-Jun-18,587,7029.675778,LavaFlow
7/8/21/24,8-Jun-18,588,23256.76103,LavaFlow
7/8/21/24,8-Jun-18,589,5130.489919,LavaFlow
7/8/21/24,8-Jun-18,590,3573.856869,LavaFlow
7/8/21/24,8-Jun-18,591,8019.547775,LavaFlow
7/8/21/24,8-Jun-18,592,38725.73875,LavaFlow
7/8/21/24,8-Jun-18,593,868.4482157,LavaFlow
7/8/21/24,8-Jun-18,594,577.7030226,LavaFlow
7/8/21/24,8-Jun-18,595,902.411095,LavaFlow
7/8/21/24,8-Jun-18,596,442.844874,LavaFlow
7/8/21/24,8-Jun-18,597,1894.913184,LavaFlow
7/8/21/24,8-Jun-18,598,8767.64953,LavaFlow
7/8/21/24,8-Jun-18,599,13925.50831,LavaFlow
7/8/21/24,8-Jun-18,600,13471.85485,LavaFlow
7/8/21/24,8-Jun-18,601,2.948970472,LavaFlow
7/8/21/24,8-Jun-18,602,66404.17706,LavaFlow
19/20/22,9-Jun-18,603,10540.70689,LavaFlow
19/20/22,9-Jun-18,604,5846.851618,LavaFlow
7/8/21/24,9-Jun-18,605,911.8664725,LavaFlow
7/8/21/24,9-Jun-18,606,1302.102011,LavaFlow
7/8/21/24,9-Jun-18,607,769.1707802,LavaFlow
19/20/22,9-Jun-18,608,2237.910115,LavaFlow
7/8/21/24,9-Jun-18,609,205.7277116,LavaFlow
7/8/21/24,9-Jun-18,610,1380.544054,LavaFlow
7/8/21/24,9-Jun-18,611,1254.662707,LavaFlow
7/8/21/24,9-Jun-18,612,102.6364158,LavaFlow
7/8/21/24,9-Jun-18,613,119.2079303,LavaFlow
7/8/21/24,9-Jun-18,614,112.6925413,LavaFlow
7/8/21/24,9-Jun-18,615,53.81485409,LavaFlow
7/8/21/24,9-Jun-18,616,203.9762865,LavaFlow
7/8/21/24,9-Jun-18,617,399.699022,LavaFlow
7/8/21/24,9-Jun-18,618,937.2665263,LavaFlow
17,9-Jun-18,619,328.2685551,LavaFlow
17,9-Jun-18,620,354.7663089,LavaFlow
17,9-Jun-18,621,1554.382716,LavaFlow
17,9-Jun-18,622,440.283383,LavaFlow
17,9-Jun-18,623,1759.485941,LavaFlow
7/8/21/24,9-Jun-18,624,231.7723044,LavaFlow
7/8/21/24,9-Jun-18,625,132.4545285,LavaFlow
7/8/21/24,9-Jun-18,626,308.5979565,LavaFlow
7/8/21/24,9-Jun-18,627,190.3001973,LavaFlow
7/8/21/24,9-Jun-18,628,481.8029983,LavaFlow
7/8/21/24,9-Jun-18,629,783.0459494,LavaFlow
7/8/21/24,9-Jun-18,630,1114.569722,LavaFlow
7/8/21/24,9-Jun-18,631,4374.97915,LavaFlow
7/8/21/24,9-Jun-18,632,438.6846137,LavaFlow
7/8/21/24,9-Jun-18,633,287.7035911,LavaFlow
7/8/21/24,9-Jun-18,634,386.0852316,LavaFlow
7/8/21/24,9-Jun-18,635,239.8754982,LavaFlow
7/8/21/24,9-Jun-18,636,435.0359183,LavaFlow
7/8/21/24,9-Jun-18,637,1335.858332,LavaFlow
7/8/21/24,9-Jun-18,638,920.6520451,LavaFlow
7/8/21/24,9-Jun-18,639,1301.026326,LavaFlow
7/8/21/24,9-Jun-18,640,1564.137138,LavaFlow
7/8/21/24,9-Jun-18,641,573.9586587,LavaFlow
7/8/21/24,9-Jun-18,642,2338.435312,LavaFlow
7/8/21/24,9-Jun-18,643,372.507007,LavaFlow
7/8/21/24,9-Jun-18,644,195.4521538,LavaFlow
7/8/21/24,9-Jun-18,645,3150.546981,LavaFlow
7/8/21/24,9-Jun-18,646,6456.645243,LavaFlow
7/8/21/24,9-Jun-18,647,502.3355656,LavaFlow
7/8/21/24,9-Jun-18,648,1468.563036,LavaFlow
7/8/21/24,9-Jun-18,649,3029.383726,LavaFlow
7/8/21/24,9-Jun-18,650,636.4389764,LavaFlow
7/8/21/24,9-Jun-18,651,375.9062656,LavaFlow
7/8/21/24,9-Jun-18,652,433.567465,LavaFlow
7/8/21/24,9-Jun-18,653,1295.666642,LavaFlow
7/8/21/24,9-Jun-18,654,5295.592716,LavaFlow
7/8/21/24,9-Jun-18,655,491.9965698,LavaFlow
7/8/21/24,9-Jun-18,656,1424.85728,LavaFlow
7/8/21/24,9-Jun-18,657,260.5760221,LavaFlow
7/8/21/24,9-Jun-18,658,167.0253472,LavaFlow
7/8/21/24,9-Jun-18,659,4336.409981,LavaFlow
7/8/21/24,9-Jun-18,660,11555.17779,LavaFlow
7/8/21/24,9-Jun-18,661,18006.03123,LavaFlow
7/8/21/24,9-Jun-18,662,3275.163164,LavaFlow
7/8/21/24,9-Jun-18,663,218.9130617,LavaFlow
7/8/21/24,9-Jun-18,664,1861.36111,LavaFlow
7/8/21/24,9-Jun-18,665,1664.810152,LavaFlow
7/8/21/24,9-Jun-18,666,2434.761465,LavaFlow
7/8/21/24,9-Jun-18,667,529.069104,LavaFlow
7/8/21/24,9-Jun-18,668,4735.924978,LavaFlow
7/8/21/24,9-Jun-18,669,7932.483452,LavaFlow
7/8/21/24,9-Jun-18,670,684.8948776,LavaFlow
7/8/21/24,9-Jun-18,671,6367.457286,LavaFlow
7/8/21/24,9-Jun-18,672,793.4251792,LavaFlow
7/8/21/24,9-Jun-18,673,210.7007975,LavaFlow
7/8/21/24,9-Jun-18,674,114.9379507,LavaFlow
7/8/21/24,9-Jun-18,675,608.3280694,LavaFlow
7/8/21/24,9-Jun-18,676,4614.58305,LavaFlow
7/8/21/24,9-Jun-18,677,8786.314367,LavaFlow
7/8/21/24,9-Jun-18,678,2262.465971,LavaFlow
7/8/21/24,9-Jun-18,679,2344.662985,LavaFlow
7/8/21/24,9-Jun-18,680,1586.348556,LavaFlow
7/8/21/24,9-Jun-18,681,4360.373123,LavaFlow
7/8/21/24,9-Jun-18,682,94.34223293,LavaFlow
7/8/21/24,9-Jun-18,683,449.9577482,LavaFlow
7/8/21/24,9-Jun-18,684,81.91269167,LavaFlow
7/8/21/24,9-Jun-18,685,151.0877919,LavaFlow
7/8/21/24,9-Jun-18,686,357.6586115,LavaFlow
7/8/21/24,9-Jun-18,687,602.6173655,LavaFlow
7/8/21/24,9-Jun-18,688,111.3038876,LavaFlow
7/8/21/24,9-Jun-18,689,16977.23258,LavaFlow
7/8/21/24,9-Jun-18,690,358.3794863,LavaFlow
7/8/21/24,9-Jun-18,691,175.3072586,LavaFlow
7/8/21/24,9-Jun-18,692,84.0324508,LavaFlow
7/8/21/24,9-Jun-18,693,88.37825985,LavaFlow
7/8/21/24,9-Jun-18,694,222.8271014,LavaFlow
7/8/21/24,9-Jun-18,695,134.2126439,LavaFlow
7/8/21/24,9-Jun-18,696,256.4830415,LavaFlow
7/8/21/24,9-Jun-18,697,696.1566233,LavaFlow
7/8/21/24,9-Jun-18,698,1540.574923,LavaFlow
7/8/21/24,9-Jun-18,699,399.3430155,LavaFlow
7/8/21/24,9-Jun-18,700,395.6851661,LavaFlow
7/8/21/24,9-Jun-18,701,850.7449353,LavaFlow
7/8/21/24,9-Jun-18,702,448.323941,LavaFlow
7/8/21/24,9-Jun-18,703,4255.273203,LavaFlow
7/8/21/24,9-Jun-18,704,418.1486452,LavaFlow
7/8/21/24,9-Jun-18,705,2517.183697,LavaFlow
7/8/21/24,9-Jun-18,706,894.0742739,LavaFlow
7/8/21/24,9-Jun-18,707,260.8124485,LavaFlow
7/8/21/24,9-Jun-18,708,507.7917897,LavaFlow
7/8/21/24,9-Jun-18,709,202.6526472,LavaFlow
7/8/21/24,9-Jun-18,710,3286.044954,LavaFlow
7/8/21/24,9-Jun-18,711,1144.964275,LavaFlow
7/8/21/24,9-Jun-18,712,6295.261188,LavaFlow
7/8/21/24,9-Jun-18,713,87.87394829,LavaFlow
7/8/21/24,9-Jun-18,714,1518.768674,LavaFlow
7/8/21/24,9-Jun-18,715,277.0740398,LavaFlow
7/8/21/24,9-Jun-18,716,468.3465208,LavaFlow
7/8/21/24,9-Jun-18,717,1390.46031,LavaFlow
7/8/21/24,9-Jun-18,718,5029.5604,LavaFlow
7/8/21/24,9-Jun-18,719,700.6225459,LavaFlow
7/8/21/24,9-Jun-18,720,289.138666,LavaFlow
7/8/21/24,9-Jun-18,721,839.8325719,LavaFlow
7/8/21/24,9-Jun-18,722,176.9037207,LavaFlow
7/8/21/24,9-Jun-18,723,148.625196,LavaFlow
7/8/21/24,9-Jun-18,724,283.3519605,LavaFlow
7/8/21/24,9-Jun-18,725,74.38290002,LavaFlow
7/8/21/24,9-Jun-18,726,461.2191112,LavaFlow
7/8/21/24,9-Jun-18,727,2755.675225,LavaFlow
7/8/21/24,9-Jun-18,728,181.9024474,LavaFlow
7/8/21/24,9-Jun-18,729,1310.236891,LavaFlow
7/8/21/24,9-Jun-18,730,416.8683346,LavaFlow
7/8/21/24,9-Jun-18,731,1013.616111,LavaFlow
7/8/21/24,9-Jun-18,732,743.2059775,LavaFlow
7/8/21/24,9-Jun-18,733,154.4623517,LavaFlow
7/8/21/24,9-Jun-18,734,993.3515465,LavaFlow
7/8/21/24,9-Jun-18,735,262.1474145,LavaFlow
7/8/21/24,9-Jun-18,736,544.8948589,LavaFlow
7/8/21/24,9-Jun-18,737,302.362635,LavaFlow
7/8/21/24,9-Jun-18,738,705.6744285,LavaFlow
7/8/21/24,9-Jun-18,739,643.5068105,LavaFlow
7/8/21/24,9-Jun-18,740,480.8595893,LavaFlow
7/8/21/24,9-Jun-18,741,1052.108225,LavaFlow
7/8/21/24,9-Jun-18,742,496.8611619,LavaFlow
7/8/21/24,9-Jun-18,743,632.5951062,LavaFlow
7/8/21/24,9-Jun-18,744,6570.304671,LavaFlow
7/8/21/24,9-Jun-18,745,333.8852411,LavaFlow
7/8/21/24,9-Jun-18,746,149.8305191,LavaFlow
7/8/21/24,9-Jun-18,747,1857.79389,LavaFlow
7/8/21/24,9-Jun-18,748,24249.1665,LavaFlow
7/8/21/24,9-Jun-18,749,4142.458242,LavaFlow
7/8/21/24,9-Jun-18,750,1357.061999,LavaFlow
7/8/21/24,9-Jun-18,751,2480.521394,LavaFlow
7/8/21/24,9-Jun-18,752,1183.221066,LavaFlow
7/8/21/24,9-Jun-18,753,3403.089727,LavaFlow
7/8/21/24,9-Jun-18,754,2719.163392,LavaFlow
7/8/21/24,9-Jun-18,755,1251.378917,LavaFlow
7/8/21/24,9-Jun-18,756,141.8171566,LavaFlow
7/8/21/24,9-Jun-18,757,182.6944936,LavaFlow
7/8/21/24,9-Jun-18,758,509.0606525,LavaFlow
7/8/21/24,9-Jun-18,759,1413.332472,LavaFlow
7/8/21/24,9-Jun-18,760,831.910569,LavaFlow
7/8/21/24,9-Jun-18,761,663.1700027,LavaFlow
7/8/21/24,9-Jun-18,762,454.6499066,LavaFlow
7/8/21/24,9-Jun-18,763,545.2395789,LavaFlow
7/8/21/24,9-Jun-18,764,1826.350364,LavaFlow
7/8/21/24,9-Jun-18,765,1208.183602,LavaFlow
7/8/21/24,9-Jun-18,766,119.9163372,LavaFlow
7/8/21/24,9-Jun-18,767,1048.203147,LavaFlow
7/8/21/24,9-Jun-18,768,46024.95953,LavaFlow
5/6/13/15,22-May-18,769,4804.300721,LavaFlow
5/6/13/15,22-May-18,770,24.77748483,LavaFlow
5/6/13/15,22-May-18,771,279.4865268,LavaFlow
5/6/13/15,22-May-18,772,1224.358499,LavaFlow
7/8/21/24,12-Jun-18,773,1627.590699,LavaFlow
7/8/21/24,12-Jun-18,774,2298.033142,LavaFlow
7/8/21/24,12-Jun-18,775,2762.411668,LavaFlow
7/8/21/24,12-Jun-18,776,3913.445534,LavaFlow
7/8/21/24,12-Jun-18,777,20142.51393,LavaFlow
7/8/21/24,12-Jun-18,778,3874.57621,LavaFlow
7/8/21/24,12-Jun-18,779,1220.279411,LavaFlow
7/8/21/24,12-Jun-18,780,19334.10047,LavaFlow
7/8/21/24,12-Jun-18,781,652.8937276,LavaFlow
7/8/21/24,12-Jun-18,782,870.2975954,LavaFlow
7/8/21/24,12-Jun-18,783,4406.155059,LavaFlow
7/8/21/24,12-Jun-18,784,44773.37397,LavaFlow
7/8/21/24,12-Jun-18,785,2117.116467,LavaFlow
7/8/21/24,12-Jun-18,786,46868.0673,LavaFlow
7/8/21/24,12-Jun-18,787,723.9237391,LavaFlow
7/8/21/24,12-Jun-18,788,436.7752984,LavaFlow
7/8/21/24,12-Jun-18,789,469.2249381,LavaFlow
7/8/21/24,12-Jun-18,790,344.6499026,LavaFlow
7/8/21/24,12-Jun-18,791,603.5992269,LavaFlow
7/8/21/24,12-Jun-18,792,15180.64255,LavaFlow
7/8/21/24,12-Jun-18,793,20372.79294,LavaFlow
7/8/21/24,12-Jun-18,794,2036.154932,LavaFlow
7/8/21/24,12-Jun-18,795,761.9092965,LavaFlow
7/8/21/24,12-Jun-18,796,630.0563854,LavaFlow
7/8/21/24,12-Jun-18,797,2082.596037,LavaFlow
7/8/21/24,12-Jun-18,798,499.1412545,LavaFlow
7/8/21/24,13-Jun-18,799,1052.379083,LavaFlow
7/8/21/24,13-Jun-18,800,33482.73684,LavaFlow
7/8/21/24,13-Jun-18,801,732.8358183,LavaFlow
7/8/21/24,13-Jun-18,802,957.5760173,LavaFlow
7/8/21/24,13-Jun-18,803,3635.767772,LavaFlow
7/8/21/24,13-Jun-18,804,5907.753429,LavaFlow
7/8/21/24,13-Jun-18,805,65771.83283,LavaFlow
7/8/21/24,13-Jun-18,806,1286.944388,LavaFlow
7/8/21/24,13-Jun-18,807,228.7616824,LavaFlow
7/8/21/24,13-Jun-18,808,365.3976877,LavaFlow
7/8/21/24,13-Jun-18,809,1983.195005,LavaFlow
7/8/21/24,13-Jun-18,810,2991.299547,LavaFlow
7/8/21/24,13-Jun-18,811,881.6451043,LavaFlow
7/8/21/24,13-Jun-18,812,503.0407609,LavaFlow
7/8/21/24,13-Jun-18,813,133.1017383,LavaFlow
7/8/21/24,16-Jun-18,814,2679.329516,LavaFlow
7/8/21/24,16-Jun-18,815,16178.55358,LavaFlow
7/8/21/24,16-Jun-18,816,646.2481708,LavaFlow
7/8/21/24,16-Jun-18,817,818.72058,LavaFlow
7/8/21/24,16-Jun-18,818,4593.865739,LavaFlow
7/8/21/24,16-Jun-18,819,1895.284579,LavaFlow
7/8/21/24,16-Jun-18,820,36436.97486,LavaFlow
7/8/21/24,16-Jun-18,821,336285.9788,LavaFlow
7/8/21/24,16-Jun-18,822,4794.746311,LavaFlow
7/8/21/24,16-Jun-18,823,59974.98034,LavaFlow
19/20/22,16-Jun-18,824,15803.55565,LavaFlow
19/20/22,16-Jun-18,825,4250.708876,LavaFlow
7/8/21/24,17-Jun-18,826,7239.939273,LavaFlow
7/8/21/24,17-Jun-18,827,2043.879711,LavaFlow
7/8/21/24,17-Jun-18,828,518.3314324,LavaFlow
7/8/21/24,17-Jun-18,829,519.4995969,LavaFlow
7/8/21/24,17-Jun-18,830,945.6164922,LavaFlow
7/8/21/24,17-Jun-18,831,12680.27807,LavaFlow
7/8/21/24,17-Jun-18,832,33275.70556,LavaFlow
7/8/21/24,17-Jun-18,833,14810.88541,LavaFlow
7/8/21/24,17-Jun-18,834,326.0728009,LavaFlow
7/8/21/24,17-Jun-18,835,266.2718901,LavaFlow
7/8/21/24,18-Jun-18,836,8200.117039,LavaFlow
7/8/21/24,18-Jun-18,837,133181.8759,LavaFlow
19/20/22,18-Jun-18,838,13669.90169,LavaFlow
7/8/21/24,20-Jun-18,839,10108.02989,LavaFlow
7/8/21/24,20-Jun-18,840,64620.00992,LavaFlow
7/8/21/24,20-Jun-18,841,2033.017145,LavaFlow
7/8/21/24,20-Jun-18,842,18091.52753,LavaFlow
7/8/21/24,20-Jun-18,843,1720.101227,LavaFlow
7/8/21/24,20-Jun-18,844,862.5859335,LavaFlow
7/8/21/24,24-Jun-18,845,359.7233957,LavaFlow
7/8/21/24,24-Jun-18,846,1595.278773,LavaFlow
7/8/21/24,24-Jun-18,847,3420.287662,LavaFlow
7/8/21/24,24-Jun-18,848,13960.95151,LavaFlow
7/8/21/24,24-Jun-18,849,8833.45009,LavaFlow
7/8/21/24,24-Jun-18,850,11969.92401,LavaFlow
7/8/21/24,24-Jun-18,851,39505.00463,LavaFlow
7/8/21/24,24-Jun-18,852,9197.53023,LavaFlow
7/8/21/24,24-Jun-18,853,13740.6949,LavaFlow
7/8/21/24,24-Jun-18,854,4516.697859,LavaFlow
7/8/21/24,24-Jun-18,855,3357.988037,LavaFlow
7/8/21/24,24-Jun-18,856,173.3524003,LavaFlow
7/8/21/24,24-Jun-18,857,45798.78356,LavaFlow
7/8/21/24,24-Jun-18,858,20477.11394,LavaFlow
7/8/21/24,25-Jun-18,859,245283.8617,LavaFlow
7/8/21/24,25-Jun-18,860,13.6186973,LavaFlow
7/8/21/24,25-Jun-18,861,208326.8568,LavaFlow
7/8/21/24,26-Jun-18,862,20431.6801,LavaFlow
7/8/21/24,26-Jun-18,863,2103.060242,LavaFlow
7/8/21/24,26-Jun-18,864,3462.842117,LavaFlow
7/8/21/24,26-Jun-18,865,3460.448848,LavaFlow
7/8/21/24,26-Jun-18,866,10346.44125,LavaFlow
7/8/21/24,26-Jun-18,867,1321.852015,LavaFlow
7/8/21/24,26-Jun-18,868,3781.48108,LavaFlow
7/8/21/24,26-Jun-18,869,8945.566867,LavaFlow
7/8/21/24,26-Jun-18,870,516.7024391,LavaFlow
7/8/21/24,26-Jun-18,871,71379.48584,LavaFlow
7/8/21/24,26-Jun-18,872,2963.378963,LavaFlow
7/8/21/24,26-Jun-18,873,28082.03671,LavaFlow
7/8/21/24,26-Jun-18,874,880.8337306,LavaFlow
7/8/21/24,26-Jun-18,875,168.3423274,LavaFlow
7/8/21/24,26-Jun-18,876,373.5145669,LavaFlow
7/8/21/24,26-Jun-18,877,2609.003898,LavaFlow
7/8/21/24,26-Jun-18,878,17572.31816,LavaFlow
7/8/21/24,26-Jun-18,879,42766.41598,LavaFlow
7/8/21/24,28-Jun-18,880,27305.25686,LavaFlow
7/8/21/24,28-Jun-18,881,2731.868155,LavaFlow
7/8/21/24,28-Jun-18,882,66753.83264,LavaFlow
7/8/21/24,28-Jun-18,883,183566.0067,LavaFlow
7/8/21/24,28-Jun-18,884,30987.26639,LavaFlow
7/8/21/24,30-Jun-18,885,41516.01596,LavaFlow
7/8/21/24,30-Jun-18,886,51093.38738,LavaFlow
7/8/21/24,30-Jun-18,887,82414.31609,LavaFlow
7/8/21/24,30-Jun-18,888,99951.34893,LavaFlow
7/8/21/24,30-Jun-18,889,4033.302607,LavaFlow
7/8/21/24,30-Jun-18,890,40900.3205,LavaFlow
7/8/21/24,30-Jun-18,891,15474.73249,LavaFlow
7/8/21/24,2-Jul-18,892,24242.47316,LavaFlow
7/8/21/24,2-Jul-18,893,16836.98531,LavaFlow
7/8/21/24,2-Jul-18,894,1462.1606,LavaFlow
7/8/21/24,2-Jul-18,895,389.5963549,LavaFlow
7/8/21/24,2-Jul-18,896,426.0143998,LavaFlow
7/8/21/24,2-Jul-18,897,602.1195715,LavaFlow
7/8/21/24,2-Jul-18,898,999.6732585,LavaFlow
7/8/21/24,2-Jul-18,899,690.1848098,LavaFlow
19/20/22,2-Jul-18,900,29616.23639,LavaFlow
7/8/21/24,2-Jul-18,901,1996.910457,LavaFlow
7/8/21/24,2-Jul-18,902,749.0721629,LavaFlow
7/8/21/24,2-Jul-18,903,291.1486353,LavaFlow
7/8/21/24,2-Jul-18,904,475.6445485,LavaFlow
7/8/21/24,2-Jul-18,905,1784.380103,LavaFlow
7/8/21/24,2-Jul-18,906,179.9450707,LavaFlow
7/8/21/24,2-Jul-18,907,140.0205313,LavaFlow
7/8/21/24,2-Jul-18,908,163.1351999,LavaFlow
7/8/21/24,2-Jul-18,909,459.3594752,LavaFlow
7/8/21/24,2-Jul-18,910,309.9398269,LavaFlow
7/8/21/24,2-Jul-18,911,446.4987376,LavaFlow
7/8/21/24,2-Jul-18,912,482.6128693,LavaFlow
7/8/21/24,2-Jul-18,913,207.6859535,LavaFlow
7/8/21/24,2-Jul-18,914,175.2538379,LavaFlow
7/8/21/24,2-Jul-18,915,899.621483,LavaFlow
7/8/21/24,2-Jul-18,916,184.0988073,LavaFlow
7/8/21/24,2-Jul-18,917,215.3559797,LavaFlow
7/8/21/24,2-Jul-18,918,153.2777072,LavaFlow
7/8/21/24,2-Jul-18,919,845.4203869,LavaFlow
7/8/21/24,2-Jul-18,920,447.3212066,LavaFlow
7/8/21/24,2-Jul-18,921,205.9535359,LavaFlow
7/8/21/24,2-Jul-18,922,5642.74196,LavaFlow
7/8/21/24,2-Jul-18,923,1626.705696,LavaFlow
7/8/21/24,2-Jul-18,924,14214.30505,LavaFlow
7/8/21/24,2-Jul-18,925,4788.112573,LavaFlow
7/8/21/24,2-Jul-18,926,3277.410073,LavaFlow
7/8/21/24,2-Jul-18,927,2278.231617,LavaFlow
7/8/21/24,2-Jul-18,928,666.3174644,LavaFlow
7/8/21/24,2-Jul-18,929,3157.028601,LavaFlow
7/8/21/24,2-Jul-18,930,5996.649629,LavaFlow
7/8/21/24,2-Jul-18,931,16473.55546,LavaFlow
7/8/21/24,2-Jul-18,932,20009.045,LavaFlow
7/8/21/24,2-Jul-18,933,6808.786434,LavaFlow
7/8/21/24,2-Jul-18,934,242.1459398,LavaFlow
7/8/21/24,2-Jul-18,935,76182.89528,LavaFlow
7/8/21/24,2-Jul-18,936,422.4018305,LavaFlow
7/8/21/24,2-Jul-18,937,8524.348086,LavaFlow
7/8/21/24,2-Jul-18,938,549.1908738,LavaFlow
7/8/21/24,2-Jul-18,939,99.60291599,LavaFlow
7/8/21/24,2-Jul-18,940,159.9100549,LavaFlow
7/8/21/24,2-Jul-18,941,143.3720415,LavaFlow
7/8/21/24,2-Jul-18,942,152.0603444,LavaFlow
7/8/21/24,2-Jul-18,943,212.6109741,LavaFlow
7/8/21/24,2-Jul-18,944,294.7780332,LavaFlow
7/8/21/24,2-Jul-18,945,712.8006295,LavaFlow
7/8/21/24,2-Jul-18,946,3331.834752,LavaFlow
7/8/21/24,2-Jul-18,947,424.292387,LavaFlow
7/8/21/24,2-Jul-18,948,1326.871236,LavaFlow
7/8/21/24,2-Jul-18,949,200.2592044,LavaFlow
7/8/21/24,2-Jul-18,950,535.8954999,LavaFlow
7/8/21/24,2-Jul-18,951,1228.625083,LavaFlow
19/20/22,2-Jul-18,952,1250.493625,LavaFlow
7/8/21/24,2-Jul-18,953,3564.703646,LavaFlow
7/8/21/24,2-Jul-18,954,201.8118223,LavaFlow
7/8/21/24,2-Jul-18,955,203.6705831,LavaFlow
7/8/21/24,2-Jul-18,956,2760.238979,LavaFlow
7/8/21/24,2-Jul-18,957,1495.532599,LavaFlow
7/8/21/24,4-Jul-18,958,60.16162512,LavaFlow
7/8/21/24,4-Jul-18,959,66.0886079,LavaFlow
7/8/21/24,4-Jul-18,960,28720.12205,LavaFlow
7/8/21/24,4-Jul-18,961,172653.7593,LavaFlow
7/8/21/24,4-Jul-18,962,1486.030164,LavaFlow
7/8/21/24,4-Jul-18,963,2977.722683,LavaFlow
7/8/21/24,4-Jul-18,964,730.9274156,LavaFlow
7/8/21/24,4-Jul-18,965,432.8604244,LavaFlow
7/8/21/24,4-Jul-18,966,1281.172396,LavaFlow
7/8/21/24,4-Jul-18,967,1705.109506,LavaFlow
7/8/21/24,4-Jul-18,968,305.1714397,LavaFlow
7/8/21/24,4-Jul-18,969,126.2946122,LavaFlow
7/8/21/24,4-Jul-18,970,760.4636673,LavaFlow
7/8/21/24,4-Jul-18,971,66.43694884,LavaFlow
7/8/21/24,4-Jul-18,972,27.13555122,LavaFlow
7/8/21/24,4-Jul-18,973,23.13401202,LavaFlow
7/8/21/24,4-Jul-18,974,107.5027404,LavaFlow
7/8/21/24,4-Jul-18,975,64.19501171,LavaFlow
7/8/21/24,4-Jul-18,976,23252.09,LavaFlow
7/8/21/24,4-Jul-18,977,258.7183322,LavaFlow
7/8/21/24,4-Jul-18,978,178.8256311,LavaFlow
7/8/21/24,4-Jul-18,979,406.770874,LavaFlow
7/8/21/24,4-Jul-18,980,15598.9382,LavaFlow
7/8/21/24,4-Jul-18,981,1328.593502,LavaFlow
7/8/21/24,4-Jul-18,982,274.0550851,LavaFlow
7/8/21/24,4-Jul-18,983,597.8753499,LavaFlow
7/8/21/24,4-Jul-18,984,210.7202286,LavaFlow
7/8/21/24,4-Jul-18,985,145.542622,LavaFlow
7/8/21/24,4-Jul-18,986,180.9456988,LavaFlow
7/8/21/24,4-Jul-18,987,95.64995927,LavaFlow
7/8/21/24,4-Jul-18,988,83.11727106,LavaFlow
7/8/21/24,4-Jul-18,989,32.84502712,LavaFlow
7/8/21/24,4-Jul-18,990,44.63212127,LavaFlow
7/8/21/24,4-Jul-18,991,80.46707772,LavaFlow
7/8/21/24,4-Jul-18,992,24.8415348,LavaFlow
7/8/21/24,4-Jul-18,993,48.3629325,LavaFlow
7/8/21/24,4-Jul-18,994,21.45907633,LavaFlow
7/8/21/24,4-Jul-18,995,320.7554408,LavaFlow
7/8/21/24,4-Jul-18,996,134.2252525,LavaFlow
7/8/21/24,4-Jul-18,997,1519.95957,LavaFlow
7/8/21/24,4-Jul-18,998,175.5483945,LavaFlow
7/8/21/24,4-Jul-18,999,286.4867001,LavaFlow
7/8/21/24,4-Jul-18,1000,218.8954315,LavaFlow
7/8/21/24,4-Jul-18,1001,147.3936871,LavaFlow
7/8/21/24,4-Jul-18,1002,162.9353961,LavaFlow
7/8/21/24,4-Jul-18,1003,5678.273349,LavaFlow
7/8/21/24,4-Jul-18,1004,104.7485076,LavaFlow
7/8/21/24,4-Jul-18,1005,3084.113659,LavaFlow
7/8/21/24,8-Jul-18,1006,67527.05619,LavaFlow
7/8/21/24,8-Jul-18,1007,466030.1619,LavaFlow
7/8/21/24,8-Jul-18,1008,1253.611115,LavaFlow
7/8/21/24,8-Jul-18,1009,467.8988248,LavaFlow
7/8/21/24,8-Jul-18,1010,5786.889928,LavaFlow
7/8/21/24,8-Jul-18,1011,1743.886242,LavaFlow
7/8/21/24,8-Jul-18,1012,46952.61155,LavaFlow
7/8/21/24,8-Jul-18,1013,21166.87357,LavaFlow
7/8/21/24,8-Jul-18,1014,1438340.679,LavaFlow
7/8/21/24,8-Jul-18,1015,19768.13569,LavaFlow
7/8/21/24,8-Jul-18,1016,65562.96543,LavaFlow
7/8/21/24,8-Jul-18,1017,18214.71655,LavaFlow
7/8/21/24,8-Jul-18,1018,6132.821229,LavaFlow
7/8/21/24,8-Jul-18,1019,11215.77386,LavaFlow
7/8/21/24,8-Jul-18,1020,44325.94642,LavaFlow
7/8/21/24,8-Jul-18,1021,1144.093474,LavaFlow
7/8/21/24,8-Jul-18,1022,1426.505784,LavaFlow
7/8/21/24,8-Jul-18,1023,728.1396244,LavaFlow
7/8/21/24,8-Jul-18,1024,1779.400302,LavaFlow
7/8/21/24,8-Jul-18,1025,1243.538057,LavaFlow
7/8/21/24,8-Jul-18,1026,1454.85894,LavaFlow
7/8/21/24,8-Jul-18,1027,6955.56163,LavaFlow
7/8/21/24,8-Jul-18,1028,210.449537,LavaFlow
7/8/21/24,8-Jul-18,1029,594.6589851,LavaFlow
7/8/21/24,8-Jul-18,1030,219.9898568,LavaFlow
7/8/21/24,8-Jul-18,1031,3697.937537,LavaFlow
7/8/21/24,8-Jul-18,1032,1729.902817,LavaFlow
7/8/21/24,8-Jul-18,1033,4234.598236,LavaFlow
7/8/21/24,8-Jul-18,1034,472.7475911,LavaFlow
7/8/21/24,8-Jul-18,1035,267.6030973,LavaFlow
7/8/21/24,8-Jul-18,1036,1377.534283,LavaFlow
7/8/21/24,8-Jul-18,1037,2292.691347,LavaFlow
7/8/21/24,8-Jul-18,1038,330.679383,LavaFlow
7/8/21/24,8-Jul-18,1039,4256.675179,LavaFlow
7/8/21/24,8-Jul-18,1040,28773.95872,LavaFlow
7/8/21/24,8-Jul-18,1041,8970.829711,LavaFlow
7/8/21/24,8-Jul-18,1042,10159.26062,LavaFlow
7/8/21/24,8-Jul-18,1043,4998.246402,LavaFlow
7/8/21/24,8-Jul-18,1044,916.2143692,LavaFlow
7/8/21/24,8-Jul-18,1045,2004.401145,LavaFlow
7/8/21/24,8-Jul-18,1046,1002.31758,LavaFlow
7/8/21/24,8-Jul-18,1047,3548.29844,LavaFlow
7/8/21/24,8-Jul-18,1048,320.3059212,LavaFlow
7/8/21/24,8-Jul-18,1049,837.1653857,LavaFlow
7/8/21/24,8-Jul-18,1050,1801.768288,LavaFlow
7/8/21/24,8-Jul-18,1051,33381.00554,LavaFlow
7/8/21/24,8-Jul-18,1052,25560.38335,LavaFlow
7/8/21/24,8-Jul-18,1053,42807.63621,LavaFlow
7/8/21/24,8-Jul-18,1054,1692.51867,LavaFlow
7/8/21/24,9-Jul-18,1055,3728.538191,LavaFlow
7/8/21/24,9-Jul-18,1056,6947.659401,LavaFlow
7/8/21/24,9-Jul-18,1057,2667.675049,LavaFlow
7/8/21/24,9-Jul-18,1058,261.0813735,LavaFlow
7/8/21/24,9-Jul-18,1059,2045.456524,LavaFlow
7/8/21/24,9-Jul-18,1060,300.3721249,LavaFlow
7/8/21/24,9-Jul-18,1061,49.65450941,LavaFlow
7/8/21/24,9-Jul-18,1062,727.2514743,LavaFlow
7/8/21/24,9-Jul-18,1063,293.4538496,LavaFlow
7/8/21/24,9-Jul-18,1064,166.0251813,LavaFlow
7/8/21/24,9-Jul-18,1065,170.4389618,LavaFlow
7/8/21/24,9-Jul-18,1066,1145.050228,LavaFlow
7/8/21/24,9-Jul-18,1067,712.6893383,LavaFlow
7/8/21/24,9-Jul-18,1068,1419.167626,LavaFlow
7/8/21/24,9-Jul-18,1069,963.182554,LavaFlow
7/8/21/24,9-Jul-18,1070,762.0439248,LavaFlow
7/8/21/24,9-Jul-18,1071,695.4738403,LavaFlow
7/8/21/24,9-Jul-18,1072,279.8343247,LavaFlow
7/8/21/24,9-Jul-18,1073,2089.010809,LavaFlow
7/8/21/24,9-Jul-18,1074,3123.686522,LavaFlow
7/8/21/24,9-Jul-18,1075,1785.090175,LavaFlow
7/8/21/24,9-Jul-18,1076,291.203058,LavaFlow
7/8/21/24,9-Jul-18,1077,3426.070161,LavaFlow
7/8/21/24,9-Jul-18,1078,316.6816601,LavaFlow
7/8/21/24,9-Jul-18,1079,14296.01765,LavaFlow
7/8/21/24,9-Jul-18,1080,2919.967159,LavaFlow
7/8/21/24,9-Jul-18,1081,6566.888367,LavaFlow
7/8/21/24,9-Jul-18,1082,1387.551229,LavaFlow
7/8/21/24,9-Jul-18,1083,1974.214447,LavaFlow
7/8/21/24,9-Jul-18,1084,321.1023749,LavaFlow
7/8/21/24,9-Jul-18,1085,718.264352,LavaFlow
7/8/21/24,9-Jul-18,1086,493.2298861,LavaFlow
7/8/21/24,9-Jul-18,1087,276.3754269,LavaFlow
7/8/21/24,9-Jul-18,1088,349.1916156,LavaFlow
7/8/21/24,9-Jul-18,1089,397.2704764,LavaFlow
7/8/21/24,9-Jul-18,1090,1658.981189,LavaFlow
7/8/21/24,9-Jul-18,1091,248.7953233,LavaFlow
7/8/21/24,9-Jul-18,1092,65755.39916,LavaFlow
7/8/21/24,9-Jul-18,1093,1963.725931,LavaFlow
7/8/21/24,9-Jul-18,1094,205.3884904,LavaFlow
7/8/21/24,9-Jul-18,1095,499.8150779,LavaFlow
7/8/21/24,9-Jul-18,1096,1491.079403,LavaFlow
7/8/21/24,9-Jul-18,1097,166.2989318,LavaFlow
7/8/21/24,9-Jul-18,1098,139.5145636,LavaFlow
7/8/21/24,9-Jul-18,1099,1421.724424,LavaFlow
7/8/21/24,9-Jul-18,1100,554.7125461,LavaFlow
7/8/21/24,9-Jul-18,1101,350.167659,LavaFlow
7/8/21/24,9-Jul-18,1102,190.6796845,LavaFlow
7/8/21/24,9-Jul-18,1103,259.7499406,LavaFlow
7/8/21/24,9-Jul-18,1104,847.7460019,LavaFlow
7/8/21/24,9-Jul-18,1105,345.6125816,LavaFlow
7/8/21/24,9-Jul-18,1106,656.063318,LavaFlow
7/8/21/24,9-Jul-18,1107,301.3852605,LavaFlow
7/8/21/24,9-Jul-18,1108,290.2078821,LavaFlow
7/8/21/24,9-Jul-18,1109,3305.887567,LavaFlow
7/8/21/24,9-Jul-18,1110,202.9788534,LavaFlow
7/8/21/24,9-Jul-18,1111,3225.927484,LavaFlow
7/8/21/24,9-Jul-18,1112,204.2049355,LavaFlow
7/8/21/24,9-Jul-18,1113,142.360686,LavaFlow
7/8/21/24,9-Jul-18,1114,438.4801647,LavaFlow
7/8/21/24,9-Jul-18,1115,4983.613927,LavaFlow
7/8/21/24,9-Jul-18,1116,7217.838516,LavaFlow
7/8/21/24,9-Jul-18,1117,466.7359884,LavaFlow
7/8/21/24,9-Jul-18,1118,245.297796,LavaFlow
7/8/21/24,9-Jul-18,1119,1270.837717,LavaFlow
7/8/21/24,9-Jul-18,1120,285.7493426,LavaFlow
7/8/21/24,9-Jul-18,1121,105.8880996,LavaFlow
7/8/21/24,9-Jul-18,1122,585.1311915,LavaFlow
7/8/21/24,9-Jul-18,1123,245.5910882,LavaFlow
7/8/21/24,9-Jul-18,1124,1805.642635,LavaFlow
7/8/21/24,9-Jul-18,1125,510.3043914,LavaFlow
7/8/21/24,9-Jul-18,1126,2019.107192,LavaFlow
7/8/21/24,9-Jul-18,1127,4091.162904,LavaFlow
7/8/21/24,9-Jul-18,1128,339.9924205,LavaFlow
7/8/21/24,9-Jul-18,1129,1034.689697,LavaFlow
7/8/21/24,9-Jul-18,1130,790.4727261,LavaFlow
7/8/21/24,9-Jul-18,1131,53094.14542,LavaFlow
7/8/21/24,9-Jul-18,1132,1173602.129,LavaFlow
7/8/21/24,9-Jul-18,1133,12860.83439,LavaFlow
7/8/21/24,9-Jul-18,1134,1499.058759,LavaFlow
7/8/21/24,9-Jul-18,1135,142.8202748,LavaFlow
7/8/21/24,9-Jul-18,1136,20263.87316,LavaFlow
7/8/21/24,9-Jul-18,1137,49483.52806,LavaFlow
7/8/21/24,9-Jul-18,1138,915.3886974,LavaFlow
7/8/21/24,9-Jul-18,1139,4011.992143,LavaFlow
7/8/21/24,11-Jul-18,1140,659.2434006,LavaFlow
7/8/21/24,11-Jul-18,1141,523.6268896,LavaFlow
7/8/21/24,11-Jul-18,1142,2303.678526,LavaFlow
7/8/21/24,11-Jul-18,1143,723.3670323,LavaFlow
7/8/21/24,11-Jul-18,1144,558.096605,LavaFlow
7/8/21/24,11-Jul-18,1145,437.0264112,LavaFlow
7/8/21/24,11-Jul-18,1146,1075.418406,LavaFlow
7/8/21/24,11-Jul-18,1147,486.2068981,LavaFlow
7/8/21/24,11-Jul-18,1148,454.4533162,LavaFlow
7/8/21/24,11-Jul-18,1149,1133.766842,LavaFlow
7/8/21/24,11-Jul-18,1150,704.1237532,LavaFlow
7/8/21/24,11-Jul-18,1151,466.6835073,LavaFlow
7/8/21/24,11-Jul-18,1152,2028.950383,LavaFlow
7/8/21/24,11-Jul-18,1153,1370.018775,LavaFlow
7/8/21/24,11-Jul-18,1154,2195.816613,LavaFlow
7/8/21/24,11-Jul-18,1155,211.4752877,LavaFlow
7/8/21/24,11-Jul-18,1156,147.0996946,LavaFlow
7/8/21/24,11-Jul-18,1157,201.3911488,LavaFlow
7/8/21/24,11-Jul-18,1158,286.3882795,LavaFlow
7/8/21/24,11-Jul-18,1159,257.2316134,LavaFlow
7/8/21/24,11-Jul-18,1160,1150.144521,LavaFlow
7/8/21/24,11-Jul-18,1161,1050.449194,LavaFlow
7/8/21/24,11-Jul-18,1162,1189.857011,LavaFlow
7/8/21/24,11-Jul-18,1163,423.0847402,LavaFlow
7/8/21/24,11-Jul-18,1164,713.1863933,LavaFlow
19/20/22,11-Jul-18,1165,687.5679192,LavaFlow
19/20/22,11-Jul-18,1166,661.4752521,LavaFlow
7/8/21/24,11-Jul-18,1167,69.16890549,LavaFlow
7/8/21/24,11-Jul-18,1168,378.2167998,LavaFlow
7/8/21/24,11-Jul-18,1169,223.173494,LavaFlow
7/8/21/24,11-Jul-18,1170,304.7167494,LavaFlow
7/8/21/24,11-Jul-18,1171,646.379627,LavaFlow
7/8/21/24,11-Jul-18,1172,362.7440836,LavaFlow
7/8/21/24,11-Jul-18,1173,419.1219196,LavaFlow
7/8/21/24,11-Jul-18,1174,143.1631256,LavaFlow
7/8/21/24,11-Jul-18,1175,450.4606975,LavaFlow
7/8/21/24,11-Jul-18,1176,1866.422333,LavaFlow
7/8/21/24,11-Jul-18,1177,828.7087674,LavaFlow
7/8/21/24,11-Jul-18,1178,178.8546128,LavaFlow
7/8/21/24,11-Jul-18,1179,367.916397,LavaFlow
7/8/21/24,11-Jul-18,1180,503.7855936,LavaFlow
7/8/21/24,11-Jul-18,1181,420.1758312,LavaFlow
7/8/21/24,11-Jul-18,1182,94.47382775,LavaFlow
7/8/21/24,11-Jul-18,1183,118.3540321,LavaFlow
7/8/21/24,11-Jul-18,1184,558.7884275,LavaFlow
7/8/21/24,11-Jul-18,1185,189.1415738,LavaFlow
7/8/21/24,11-Jul-18,1186,231.3616965,LavaFlow
7/8/21/24,11-Jul-18,1187,171.7485956,LavaFlow
7/8/21/24,11-Jul-18,1188,733.9413653,LavaFlow
7/8/21/24,11-Jul-18,1189,1380.43721,LavaFlow
7/8/21/24,11-Jul-18,1190,224.5927717,LavaFlow
7/8/21/24,11-Jul-18,1191,212.2633974,LavaFlow
19/20/22,11-Jul-18,1192,2686.458235,LavaFlow
7/8/21/24,11-Jul-18,1193,1516319.775,LavaFlow
7/8/21/24,11-Jul-18,1194,3311.592169,LavaFlow
7/8/21/24,11-Jul-18,1195,5032.315599,LavaFlow
7/8/21/24,11-Jul-18,1196,520.5506288,LavaFlow
7/8/21/24,11-Jul-18,1197,1534.549054,LavaFlow
7/8/21/24,11-Jul-18,1198,528.896016,LavaFlow
7/8/21/24,11-Jul-18,1199,249.7587756,LavaFlow
7/8/21/24,11-Jul-18,1200,5667.975673,LavaFlow
7/8/21/24,11-Jul-18,1201,6530.266289,LavaFlow
7/8/21/24,11-Jul-18,1202,5801.6472,LavaFlow
7/8/21/24,15-Jul-18,1203,2262.92139,LavaFlow
7/8/21/24,15-Jul-18,1204,3547.462775,LavaFlow
7/8/21/24,15-Jul-18,1205,279375.0557,LavaFlow
7/8/21/24,15-Jul-18,1206,1547.633272,LavaFlow
7/8/21/24,15-Jul-18,1207,1718.47111,LavaFlow
7/8/21/24,15-Jul-18,1208,5081.912161,LavaFlow
7/8/21/24,15-Jul-18,1209,5466.458998,LavaFlow
7/8/21/24,18-Jul-18,1210,539388.4242,LavaFlow
7/8/21/24,18-Jul-18,1211,33677.97719,LavaFlow
7/8/21/24,22-Jul-18,1212,419.8966481,LavaFlow
7/8/21/24,22-Jul-18,1213,6298.725353,LavaFlow
7/8/21/24,22-Jul-18,1214,613.1755712,LavaFlow
7/8/21/24,22-Jul-18,1215,376.6422253,LavaFlow
7/8/21/24,22-Jul-18,1216,312.2510569,LavaFlow
7/8/21/24,22-Jul-18,1217,869.9897247,LavaFlow
7/8/21/24,22-Jul-18,1218,1400.744605,LavaFlow
7/8/21/24,22-Jul-18,1219,531.1185166,LavaFlow
7/8/21/24,22-Jul-18,1220,239.6283124,LavaFlow
7/8/21/24,22-Jul-18,1221,676.16884,LavaFlow
7/8/21/24,22-Jul-18,1222,524.0517441,LavaFlow
7/8/21/24,22-Jul-18,1223,1156.461737,LavaFlow
7/8/21/24,22-Jul-18,1224,53602.08963,LavaFlow
7/8/21/24,22-Jul-18,1225,630.3907525,LavaFlow
7/8/21/24,22-Jul-18,1226,1700.824632,LavaFlow
7/8/21/24,22-Jul-18,1227,2719.003597,LavaFlow
7/8/21/24,22-Jul-18,1228,2124.447957,LavaFlow
7/8/21/24,22-Jul-18,1229,10251.13963,LavaFlow
7/8/21/24,22-Jul-18,1230,733.0406664,LavaFlow
7/8/21/24,22-Jul-18,1231,394.155714,LavaFlow
7/8/21/24,22-Jul-18,1232,15726.63312,LavaFlow
7/8/21/24,22-Jul-18,1233,1462.336898,LavaFlow
7/8/21/24,22-Jul-18,1234,4058.84323,LavaFlow
7/8/21/24,22-Jul-18,1235,1193.831839,LavaFlow
7/8/21/24,22-Jul-18,1236,107038.4628,LavaFlow
7/8/21/24,22-Jul-18,1237,1739.018274,LavaFlow
7/8/21/24,22-Jul-18,1238,1154.354789,LavaFlow
7/8/21/24,22-Jul-18,1239,363.4656999,LavaFlow
7/8/21/24,22-Jul-18,1240,856.6117303,LavaFlow
7/8/21/24,22-Jul-18,1241,9074.389547,LavaFlow
7/8/21/24,22-Jul-18,1242,3914.079154,LavaFlow
7/8/21/24,22-Jul-18,1243,1281.879722,LavaFlow
7/8/21/24,22-Jul-18,1244,3980.669912,LavaFlow
7/8/21/24,22-Jul-18,1245,1089.27328,LavaFlow
7/8/21/24,22-Jul-18,1246,723.7960393,LavaFlow
7/8/21/24,22-Jul-18,1247,2428.18338,LavaFlow
7/8/21/24,22-Jul-18,1248,6029.809773,LavaFlow
7/8/21/24,22-Jul-18,1249,18807.61717,LavaFlow
7/8/21/24,22-Jul-18,1250,285172.0033,LavaFlow
7/8/21/24,22-Jul-18,1251,142338.1974,LavaFlow
7/8/21/24,22-Jul-18,1252,5739.255955,LavaFlow
7/8/21/24,22-Jul-18,1253,6773.080905,LavaFlow
7/8/21/24,22-Jul-18,1254,1622.727936,LavaFlow
7/8/21/24,22-Jul-18,1255,5083.924568,LavaFlow
7/8/21/24,24-Jul-18,1256,734.6033545,LavaFlow
7/8/21/24,24-Jul-18,1257,153.6980045,LavaFlow
7/8/21/24,24-Jul-18,1258,875.8648578,LavaFlow
7/8/21/24,24-Jul-18,1259,1380.07758,LavaFlow
7/8/21/24,24-Jul-18,1260,218.3810347,LavaFlow
7/8/21/24,24-Jul-18,1261,161.6249158,LavaFlow
7/8/21/24,24-Jul-18,1262,13618.98332,LavaFlow
7/8/21/24,24-Jul-18,1263,19548.80982,LavaFlow
7/8/21/24,24-Jul-18,1264,31865.1266,LavaFlow
7/8/21/24,24-Jul-18,1265,288.2709321,LavaFlow
7/8/21/24,24-Jul-18,1266,213.1732842,LavaFlow
7/8/21/24,24-Jul-18,1267,291.1149684,LavaFlow
7/8/21/24,24-Jul-18,1268,140.8320191,LavaFlow
7/8/21/24,24-Jul-18,1269,3815.860312,LavaFlow
7/8/21/24,24-Jul-18,1270,63554.8295,LavaFlow
7/8/21/24,24-Jul-18,1271,5806.446465,LavaFlow
7/8/21/24,24-Jul-18,1272,229.0512226,LavaFlow
7/8/21/24,24-Jul-18,1273,2734.77611,LavaFlow
7/8/21/24,24-Jul-18,1274,998.2648238,LavaFlow
7/8/21/24,26-Jul-18,1275,1016.842227,LavaFlow
7/8/21/24,26-Jul-18,1276,288.6415781,LavaFlow
7/8/21/24,26-Jul-18,1277,86.73761721,LavaFlow
7/8/21/24,26-Jul-18,1278,32.6947578,LavaFlow
7/8/21/24,26-Jul-18,1279,40.68889338,LavaFlow
7/8/21/24,26-Jul-18,1280,125.049252,LavaFlow
7/8/21/24,26-Jul-18,1281,543.3814449,LavaFlow
7/8/21/24,26-Jul-18,1282,201.3965509,LavaFlow
7/8/21/24,26-Jul-18,1283,2982.32783,LavaFlow
7/8/21/24,26-Jul-18,1284,77.06457579,LavaFlow
7/8/21/24,26-Jul-18,1285,187.7236308,LavaFlow
7/8/21/24,26-Jul-18,1286,8311.372552,LavaFlow
7/8/21/24,26-Jul-18,1287,116.6158411,LavaFlow
7/8/21/24,26-Jul-18,1288,782.2118863,LavaFlow
7/8/21/24,26-Jul-18,1289,56.38224892,LavaFlow
7/8/21/24,26-Jul-18,1290,52.74099305,LavaFlow
7/8/21/24,26-Jul-18,1291,1106.951279,LavaFlow
7/8/21/24,26-Jul-18,1292,54.06226682,LavaFlow
7/8/21/24,26-Jul-18,1293,5865.066489,LavaFlow
7/8/21/24,26-Jul-18,1294,236135.7157,LavaFlow
7/8/21/24,26-Jul-18,1295,660.4761342,LavaFlow
7/8/21/24,26-Jul-18,1296,3801.23825,LavaFlow
7/8/21/24,26-Jul-18,1297,165.1603801,LavaFlow
7/8/21/24,28-Jul-18,1298,7560.903,LavaFlow
7/8/21/24,28-Jul-18,1299,39673.99136,LavaFlow
7/8/21/24,28-Jul-18,1300,12235.6959,LavaFlow
7/8/21/24,28-Jul-18,1301,3296.980636,LavaFlow
7/8/21/24,28-Jul-18,1302,17464.91437,LavaFlow
7/8/21/24,28-Jul-18,1303,4871.063645,LavaFlow
7/8/21/24,28-Jul-18,1304,286.7919857,LavaFlow
7/8/21/24,28-Jul-18,1305,4556.5536,LavaFlow
7/8/21/24,28-Jul-18,1306,2501.468121,LavaFlow
7/8/21/24,28-Jul-18,1307,3088.160474,LavaFlow
7/8/21/24,28-Jul-18,1308,1736.342081,LavaFlow
7/8/21/24,28-Jul-18,1309,60848.12906,LavaFlow
7/8/21/24,28-Jul-18,1310,266.9687739,LavaFlow
7/8/21/24,28-Jul-18,1311,203.546064,LavaFlow
7/8/21/24,28-Jul-18,1312,4899.662447,LavaFlow
7/8/21/24,28-Jul-18,1313,6553.90715,LavaFlow
7/8/21/24,28-Jul-18,1314,267.9281732,LavaFlow
7/8/21/24,28-Jul-18,1315,672.0233954,LavaFlow
7/8/21/24,28-Jul-18,1316,2772.811573,LavaFlow
7/8/21/24,28-Jul-18,1317,184.5721498,LavaFlow
7/8/21/24,28-Jul-18,1318,389.5390704,LavaFlow
7/8/21/24,28-Jul-18,1319,496.6240085,LavaFlow
7/8/21/24,28-Jul-18,1320,522.7326917,LavaFlow
7/8/21/24,28-Jul-18,1321,1519.064586,LavaFlow
7/8/21/24,28-Jul-18,1322,1176.555368,LavaFlow
7/8/21/24,28-Jul-18,1323,100.8904906,LavaFlow
7/8/21/24,28-Jul-18,1324,3504.489053,LavaFlow
7/8/21/24,28-Jul-18,1325,122.208766,LavaFlow
7/8/21/24,30-Jul-18,1326,544.3598043,LavaFlow
7/8/21/24,30-Jul-18,1327,541.1821024,LavaFlow
7/8/21/24,30-Jul-18,1328,801.1967011,LavaFlow
7/8/21/24,30-Jul-18,1329,4968.265497,LavaFlow
7/8/21/24,30-Jul-18,1330,26699.67373,LavaFlow
7/8/21/24,30-Jul-18,1331,3727.575477,LavaFlow
7/8/21/24,30-Jul-18,1332,334.8038791,LavaFlow
7/8/21/24,30-Jul-18,1333,1822.733652,LavaFlow
7/8/21/24,30-Jul-18,1334,3515.898285,LavaFlow
7/8/21/24,30-Jul-18,1335,5671.317162,LavaFlow
7/8/21/24,30-Jul-18,1336,8243.809948,LavaFlow
7/8/21/24,30-Jul-18,1337,4134.789018,LavaFlow
7/8/21/24,30-Jul-18,1338,48852.90847,LavaFlow
7/8/21/24,30-Jul-18,1339,21032.00265,LavaFlow
7/8/21/24,30-Jul-18,1340,4055.126761,LavaFlow
7/8/21/24,30-Jul-18,1341,491.5968242,LavaFlow
7/8/21/24,30-Jul-18,1342,320.8829678,LavaFlow
7/8/21/24,30-Jul-18,1343,488.8189601,LavaFlow
7/8/21/24,30-Jul-18,1344,8990.232866,LavaFlow
7/8/21/24,30-Jul-18,1345,459.1434242,LavaFlow
7/8/21/24,30-Jul-18,1346,297.7602869,LavaFlow
7/8/21/24,30-Jul-18,1347,730.4054591,LavaFlow
7/8/21/24,31-Jul-18,1348,1081.043092,LavaFlow
7/8/21/24,31-Jul-18,1349,1130.182122,LavaFlow
7/8/21/24,31-Jul-18,1350,18666.11754,LavaFlow
7/8/21/24,31-Jul-18,1351,1183.553761,LavaFlow
7/8/21/24,31-Jul-18,1352,172995.899,LavaFlow
7/8/21/24,31-Jul-18,1353,17725.00822,LavaFlow
7/8/21/24,22-Jul-18,1354,3030.487771,LavaFlow
7/8/21/24,22-Jul-18,1355,5749.21853,LavaFlow
7/8/21/24,24-Jul-18,1356,359.6421138,LavaFlow
7/8/21/24,24-Jul-18,1357,1138.262158,LavaFlow
7/8/21/24,24-Jul-18,1358,98.9190778,LavaFlow
7/8/21/24,24-Jul-18,1359,110.7277539,LavaFlow
7/8/21/24,24-Jul-18,1360,504.3013085,LavaFlow
7/8/21/24,1-Aug-18,1361,41292.23716,LavaFlow
7/8/21/24,1-Aug-18,1362,7529.385106,LavaFlow
7/8/21/24,1-Aug-18,1363,1129.222129,LavaFlow
7/8/21/24,1-Aug-18,1364,1448.065646,LavaFlow
7/8/21/24,1-Aug-18,1365,1018.119237,LavaFlow
7/8/21/24,1-Aug-18,1366,152.8639426,LavaFlow
7/8/21/24,1-Aug-18,1367,1972.238825,LavaFlow
7/8/21/24,1-Aug-18,1368,6149.377317,LavaFlow
7/8/21/24,1-Aug-18,1369,9088.527101,LavaFlow
7/8/21/24,1-Aug-18,1370,4273.531462,LavaFlow
7/8/21/24,1-Aug-18,1371,6498.68402,LavaFlow
7/8/21/24,4-Aug-18,1372,106762.4685,LavaFlow
7/8/21/24,4-Aug-18,1373,417.0801793,LavaFlow
7/8/21/24,4-Aug-18,1374,19819.02533,LavaFlow
7/8/21/24,4-Aug-18,1375,45555.47521,LavaFlow
7/8/21/24,4-Aug-18,1376,341749.058,LavaFlow
7/8/21/24,4-Aug-18,1377,1601.295859,LavaFlow
7/8/21/24,4-Aug-18,1378,5897.667429,LavaFlow
7/8/21/24,5-Aug-18,1379,5938.332307,LavaFlow
7/8/21/24,5-Aug-18,1380,2642.89179,LavaFlow
7/8/21/24,5-Aug-18,1381,19113.01833,LavaFlow
7/8/21/24,5-Aug-18,1382,40195.89348,LavaFlow
7/8/21/24,5-Aug-18,1383,5158.200122,LavaFlow
7/8/21/24,5-Aug-18,1384,3496.668393,LavaFlow
7/8/21/24,5-Aug-18,1385,2832.690506,LavaFlow
7/8/21/24,5-Aug-18,1386,23628.51217,LavaFlow
7/8/21/24,5-Aug-18,1387,76723.1697,LavaFlow